scrnome;data;setor
MOISES AMARO;01/10;LUZ - MARCENARIA
SINEIDE VIEIRA DE SOUSA;01/10;LUZ - ESTOQUE
JULIO CEZAR ANDRADE DOS SANTOS;01/10;LUZ - EQUIPE DESMONTAGEM
ARTHUR GOMES DE OLIVEIRA COSTA;01/10;LUZ - EQUIPE EXTERNA
FRANCISCO ADINAEL GOMES RICARDO;03/10;LUZ - EQUIPE EXTERNA
IZE DANIELLE DE PAULA;04/10;LUZ - EQUIPE DESMONTAGEM
CLEBER DA SILVA COSTA;06/10;LUZ - EQUIPE EXTERNA
CLEBER ALEXANDRE PEREIRA;07/10;LED - EQUIPE EXTERNA
ALISON YURI DOS SANTOS CAVALCANTE VIEIRA;08/10;LUZ - EQUIPE DESMONTAGEM
LUCAS ELIAS ANDRADE;09/10;LED - TRIAGEM
LUCAS HORTOLANI MEGA;10/10;LED - EQUIPE EXTERNA
CAROLINA APARECIDA MOREIRA RAMOS DA SILVA;12/10;LUZ - TRIAGEM
CLAUDEMIR DA SILVA GOMES;13/10;LUZ - TRIAGEM
MARIA LUIZA DA CUNHA SANTOS;13/10;STAFF - PRODUCAO
GLUSBERG SILVA GOMES DE HUNGRIA;14/10;LUZ - EQUIPE EXTERNA
VANDEIR GOMES DE MELO;14/10;LUZ - EQUIPE EXTERNA
RENATA BEZERRA DA SILVA;14/10;LUZ - FIACAO
PALMIRA ANDRELO AURICCHIO;15/10;STAFF - GERAL
FABIANO RODRIGUES COSTA;16/10;LUZ - EQUIPE EXTERNA
JOAO GABRIEL DOS SANTOS DA SILVA;18/10;LUZ - EQUIPE EXTERNA
JESSICA APARECIDA DE ALMEIDA GREQUI;19/10;LUZ - MANUTENCAO
ACAUA DA SILVA;19/10;LUZ - MANUTENCAO
RAYANE FRAZAO;20/10;LUZ - EQUIPE EXTERNA
ULISSES GUIMARAES DE SOUSA;21/10;LUZ - EQUIPE EXTERNA
JUAREZ RAIMUNDO DA COSTA FILHO;21/10;LUZ - EQUIPE DESMONTAGEM
GUSTAVO ZARA TENORIO DE CARVALHO;22/10;LUZ - EQUIPE EXTERNA
VINICIUS APARECIDO DE OLIVEIRA;22/10;LUZ - EXPEDICAO
BRUNO SILVA COELHO;24/10;LUZ - EQUIPE EXTERNA
SHIRLEY COSTA DO NASCIMENTO;24/10;CASA DE EVENTOS
CAIO VINICIUS LIMA BERTTI;25/10;STAFF - DIRETORIA
FERNANDO COSTA JACINTO;25/10;LUZ - EXPEDICAO
MICHAEL AVELINO DOS SANTOS;25/10;LUZ - EXPEDICAO
RAFAEL DOS SANTOS MONTEIRO;25/10;LED - EQUIPE EXTERNA
JULIO CESAR PINHEIRO;26/10;LED - EQUIPE EXTERNA
ROBERT REIS GONCALVES DE SOUZA;27/10;LUZ - EQUIPE EXTERNA
COSME PIRES DE SOUZA MARTINS;27/10;LUZ - EQUIPE DESMONTAGEM
YASMIN MONTEIRO DA SILVA;28/10;LUZ - EQUIPE EXTERNA
LEON ZONATTO BOENO;29/10;LUZ - EQUIPE EXTERNA
ELIEZER GONCALVES SOARES;31/10;LED - EQUIPE EXTERNA
RAUL SILVESTRE RIBEIRO DA SILVA JUNIOR;31/10;LUZ - EQUIPE EXTERNA
LARISSA DOS SANTOS DE BRITO;31/10;LUZ - FIACAO
SIMONE MOREIRA FRANCA;31/10;LUZ - OPERACOES
